-- phpMyAdmin SQL Dump
-- version 5.2.1
-- https://www.phpmyadmin.net/
--
-- Host: localhost
-- Generation Time: Apr 08, 2026 at 05:31 PM
-- Server version: 10.4.28-MariaDB
-- PHP Version: 8.2.4

SET SQL_MODE = "NO_AUTO_VALUE_ON_ZERO";
START TRANSACTION;
SET time_zone = "+00:00";


/*!40101 SET @OLD_CHARACTER_SET_CLIENT=@@CHARACTER_SET_CLIENT */;
/*!40101 SET @OLD_CHARACTER_SET_RESULTS=@@CHARACTER_SET_RESULTS */;
/*!40101 SET @OLD_COLLATION_CONNECTION=@@COLLATION_CONNECTION */;
/*!40101 SET NAMES utf8mb4 */;

--
-- Database: `djstore`
--

-- --------------------------------------------------------

--
-- Table structure for table `categories`
--

CREATE TABLE `categories` (
  `id` int(11) NOT NULL,
  `name` varchar(100) NOT NULL,
  `icon` varchar(10) DEFAULT '?️',
  `slug` varchar(100) NOT NULL,
  `description` text DEFAULT NULL,
  `created_at` timestamp NOT NULL DEFAULT current_timestamp()
) ENGINE=InnoDB DEFAULT CHARSET=utf8mb4 COLLATE=utf8mb4_unicode_ci;

--
-- Dumping data for table `categories`
--

INSERT INTO `categories` (`id`, `name`, `icon`, `slug`, `description`, `created_at`) VALUES
(1, 'DJ контролери', '🎛️', 'dj-kontroleri', 'Професионални DJ контролери и конзоли', '2026-03-12 16:48:40'),
(2, 'DJ миксери', '🎚️', 'dj-mikseri', 'Аналогови и цифрови миксерни пултове', '2026-03-12 16:48:40'),
(3, 'Слушалки', '🎧', 'slushalki', 'Студийни и DJ слушалки', '2026-03-12 16:48:40'),
(4, 'Мониторни колони', '🔊', 'monitorni-koloni', 'Активни и пасивни мониторни колони', '2026-03-12 16:48:40'),
(5, 'DJ плейъри', '💿', 'dj-plejari', 'CD и медийни плейъри', '2026-03-12 16:48:40'),
(8, 'DJ грамофони', '💽', 'dj-gramofoni', 'Професионални грамофони с директно задвижване за скреч и миксиране.', '2026-04-03 13:28:16'),
(9, 'Аксесоари и кабели', '🔌', 'aksesoari-i-kabeli', 'Чанти, протектори, стойки за лаптоп и висококачествени кабели.', '2026-04-03 13:29:08'),
(10, 'Dj ефекти / семплери', '🎹', 'dj-efekti-sempleri', 'Семплери, дръм машини и външни ефект-процесори за творчески микс.', '2026-04-03 13:30:10');

-- --------------------------------------------------------

--
-- Table structure for table `orders`
--

CREATE TABLE `orders` (
  `id` int(11) NOT NULL,
  `user_id` int(11) NOT NULL,
  `status` enum('pending','processing','shipped','delivered','cancelled') NOT NULL DEFAULT 'pending',
  `total_amount` decimal(10,2) NOT NULL,
  `shipping_name` varchar(100) NOT NULL,
  `shipping_phone` varchar(20) NOT NULL,
  `shipping_address` text NOT NULL,
  `notes` text DEFAULT NULL,
  `promo_code` varchar(50) DEFAULT NULL,
  `discount_amount` decimal(10,2) DEFAULT 0.00,
  `created_at` timestamp NOT NULL DEFAULT current_timestamp(),
  `updated_at` timestamp NOT NULL DEFAULT current_timestamp() ON UPDATE current_timestamp()
) ENGINE=InnoDB DEFAULT CHARSET=utf8mb4 COLLATE=utf8mb4_unicode_ci;

--
-- Dumping data for table `orders`
--

INSERT INTO `orders` (`id`, `user_id`, `status`, `total_amount`, `shipping_name`, `shipping_phone`, `shipping_address`, `notes`, `promo_code`, `discount_amount`, `created_at`, `updated_at`) VALUES
(1, 3, 'shipped', 459.99, 'Тест Потребител', '0888123456', 'гр. София, ул. Тест 1', '', NULL, 0.00, '2026-03-19 12:23:57', '2026-03-19 12:32:18'),
(2, 3, 'pending', 669.00, 'Ivan Ivanov', '0999999999', 'Варна', ' | Stripe: pi_3TCgj7Gzcgo9XMAn1jXVu24l', NULL, 0.00, '2026-03-19 13:36:18', '2026-03-19 13:36:18'),
(3, 3, 'delivered', 79.99, 'Ivan Ivanov', '0999999999', 'гр Варна', ' | Stripe: pi_3TCgkgGzcgo9XMAn0tPc5wuN', NULL, 0.00, '2026-03-19 13:38:03', '2026-03-19 14:01:01'),
(4, 1, 'pending', 299.50, 'Администратор', '0876129944', 'дсадсадса', ' | Stripe: pi_3TCiATGzcgo9XMAn1aXPVs5D', 'VIP50', 299.50, '2026-03-19 15:08:01', '2026-03-19 15:08:01'),
(5, 3, 'cancelled', 204.97, 'Ivan Ivanov', '0999999999', 'gr varna petur raichev', ' | Stripe: pi_3TE7tHGzcgo9XMAn1WglIArH', NULL, 0.00, '2026-03-23 12:47:51', '2026-03-23 12:50:55'),
(6, 1, 'pending', 367.99, 'Администратор', '0876129944', 'dsadsadsadasdsa', ' | Stripe: pi_3TE8lOGzcgo9XMAn0ogRFyBZ', 'WELCOME20', 92.00, '2026-03-23 13:44:05', '2026-03-23 13:44:05'),
(7, 3, 'pending', 535.20, 'Ivan Ivanov', '0999999999', 'vaena dsadsadsa', '', 'WELCOME20', 133.80, '2026-03-24 13:06:38', '2026-03-24 13:06:38'),
(8, 3, 'cancelled', 1198.00, 'Ivan Ivanov', '0999999999', 'edsadsadsa', '', NULL, 0.00, '2026-03-24 13:07:12', '2026-03-28 15:38:23'),
(9, 3, 'pending', 979.00, 'Ivan Ivanov', '0999999999', 'varna dsadsadsa', '', NULL, 0.00, '2026-03-24 13:07:32', '2026-03-24 13:07:32'),
(10, 1, 'pending', 639.20, 'Администратор', '0876129944', 'dsadsadsa', 'dsa', 'WELCOME20', 159.80, '2026-03-28 15:25:14', '2026-03-28 15:25:14'),
(11, 1, 'cancelled', 1129.00, 'Администратор', '0876129944', 'дсадса', ' | Stripe: pi_3TH3i6Gzcgo9XMAn0KGu4mha', NULL, 0.00, '2026-03-31 14:56:43', '2026-04-01 17:14:19'),
(12, 1, 'shipped', 106.98, 'Петър Иванов Иванов', '0876129944', 'дсадасдасдас', '', NULL, 0.00, '2026-04-01 17:01:50', '2026-04-01 17:25:04'),
(13, 1, 'cancelled', 106.98, 'Администратор', '0987129944', 'дсадсадас', ' | Stripe: pi_3THS9iGzcgo9XMAn0dTPPzwZ', NULL, 0.00, '2026-04-01 17:02:46', '2026-04-01 17:14:02'),
(14, 1, 'delivered', 106.98, 'Администратор', '0876129944', 'дсадасдса', '', NULL, 0.00, '2026-04-01 17:03:57', '2026-04-01 17:13:32'),
(15, 1, 'pending', 88.98, 'Администратор', '0999888777', 'дсадса', '', NULL, 0.00, '2026-04-01 23:20:12', '2026-04-01 23:20:12'),
(16, 1, 'pending', 106.98, 'Администратор', '0999888777', 'дсадсадасдса', ' | Stripe: pi_3THY9RGzcgo9XMAn0J1DjSB5', NULL, 0.00, '2026-04-01 23:26:38', '2026-04-01 23:26:38'),
(17, 1, 'pending', 384.99, 'Администратор', '0999888777', 'dsadsadas', '', 'FLAT15', 15.00, '2026-04-02 21:21:07', '2026-04-02 21:21:07'),
(18, 6, 'pending', 319.99, 'Преслав Георгиев', '0899999999', 'гр. Варна, ул. Петър Райчев 2, бл. 2, вх. Д, ет. 7', ' | Stripe: pi_3TI7FkGzcgo9XMAn0X3DeGd6', 'WELCOME20', 80.00, '2026-04-03 12:55:26', '2026-04-03 12:55:26'),
(19, 1, 'pending', 834.99, 'Администратор', '0999888777', 'варна', ' | Stripe: pi_3TIYfyGzcgo9XMAn08suuEhu', 'FLAT15', 15.00, '2026-04-04 18:12:26', '2026-04-04 18:12:26'),
(20, 1, 'pending', 399.99, 'Администратор', '0999888777', 'варна', ' | Stripe: pi_3TIor0Gzcgo9XMAn0bpvwBKr', NULL, 0.00, '2026-04-05 11:28:48', '2026-04-05 11:28:48'),
(21, 1, 'cancelled', 834.99, 'Администратор', '0999888777', 'улица „Петър Райчев“ 2, вх. Д, eет. 7, ап. 43', ' | Stripe: pi_3TJGdkGzcgo9XMAn05volDGC', 'FLAT15', 15.00, '2026-04-06 17:09:22', '2026-04-08 15:25:26'),
(22, 1, 'delivered', 1519.99, 'Администратор', '0999888777', 'варна', ' | Stripe: pi_3TJeQLGzcgo9XMAn0JBJQb8k', 'FLAT20', 20.00, '2026-04-07 18:32:45', '2026-04-08 15:24:03');

-- --------------------------------------------------------

--
-- Table structure for table `order_items`
--

CREATE TABLE `order_items` (
  `id` int(11) NOT NULL,
  `order_id` int(11) NOT NULL,
  `product_id` int(11) NOT NULL,
  `product_name` varchar(200) NOT NULL,
  `price` decimal(10,2) NOT NULL,
  `quantity` int(11) NOT NULL
) ENGINE=InnoDB DEFAULT CHARSET=utf8mb4 COLLATE=utf8mb4_unicode_ci;

--
-- Dumping data for table `order_items`
--

INSERT INTO `order_items` (`id`, `order_id`, `product_id`, `product_name`, `price`, `quantity`) VALUES
(1, 1, 1, 'Pioneer DDJ-FLX6', 459.99, 1),
(2, 2, 2, 'Denon DJ SC6000M', 669.00, 1),
(3, 3, 6, 'Audio-Technica ATH-M50x', 79.99, 1),
(4, 4, 7, 'QSC K12.2', 599.00, 1),
(5, 5, 5, 'Sennheiser HD 25', 97.99, 2),
(6, 6, 1, 'Pioneer DDJ-FLX6', 459.99, 1),
(7, 7, 2, 'Denon DJ SC6000M', 669.00, 1),
(8, 8, 7, 'QSC K12.2', 599.00, 2),
(9, 9, 4, 'Pioneer DJM-900NXS2', 979.00, 1),
(10, 10, 9, 'Rane Seventy-Two MKII', 799.00, 1),
(11, 11, 8, 'Pioneer CDJ-3000', 1129.00, 1),
(12, 12, 5, 'Sennheiser HD 25', 97.99, 1),
(13, 13, 5, 'Sennheiser HD 25', 97.99, 1),
(14, 14, 5, 'Sennheiser HD 25', 97.99, 1),
(15, 15, 6, 'Audio-Technica ATH-M50x', 79.99, 1),
(16, 16, 5, 'Sennheiser HD 25', 97.99, 1),
(17, 17, 16, 'Pioneer DDJ-FLX4', 399.99, 1),
(18, 18, 16, 'Pioneer DDJ-FLX4', 399.99, 1),
(19, 19, 22, 'Pioneer DJ PLX-1000', 849.99, 1),
(20, 20, 21, 'Pioneer DJ PLX-500', 399.99, 1),
(21, 21, 22, 'Pioneer DJ PLX-1000', 849.99, 1),
(22, 22, 18, 'RANE One MK II', 1539.99, 1);

-- --------------------------------------------------------

--
-- Table structure for table `products`
--

CREATE TABLE `products` (
  `id` int(11) NOT NULL,
  `category_id` int(11) NOT NULL,
  `name` varchar(200) NOT NULL,
  `slug` varchar(200) NOT NULL,
  `description` text DEFAULT NULL,
  `price` decimal(10,2) NOT NULL,
  `stock` int(11) NOT NULL DEFAULT 0,
  `image` varchar(255) DEFAULT NULL,
  `brand` varchar(100) DEFAULT NULL,
  `is_active` tinyint(1) NOT NULL DEFAULT 1,
  `created_at` timestamp NOT NULL DEFAULT current_timestamp(),
  `updated_at` timestamp NOT NULL DEFAULT current_timestamp() ON UPDATE current_timestamp()
) ENGINE=InnoDB DEFAULT CHARSET=utf8mb4 COLLATE=utf8mb4_unicode_ci;

--
-- Dumping data for table `products`
--

INSERT INTO `products` (`id`, `category_id`, `name`, `slug`, `description`, `price`, `stock`, `image`, `brand`, `is_active`, `created_at`, `updated_at`) VALUES
(1, 1, 'Pioneer DDJ-FLX6', 'pioneer-ddj-flx6', 'Четириканален DJ контролер, съвместим с rekordbox и Serato DJ Pro. Идеален за клубна употреба.', 459.99, 3, 'pioneer-ddj-flx6-1775084747.webp', 'Pioneer DJ', 1, '2026-03-12 16:48:40', '2026-04-04 18:40:46'),
(2, 1, 'Denon Prime Go', 'denon-dj-sc6000m', 'Denon PRIME GO е ултракомпактен, напълно самостоятелен 2‑деков DJ контролер, създаден за мобилни DJ-и, корпоративни събития, сватби, барове и ситуации, в които мобилността и надеждността са ключови. Благодарение на вградената литиево-йонна батерия с до 4 часа автономна работа, PRIME GO позволява да свириш навсякъде – без лаптоп, без външно захранване и без компромис в качеството.\r\n\r\nКонтролерът работи с мощната платформа Engine DJ OS, която предлага стрийминг услуги, интелигентно управление на плейлисти, бърза навигация и стабилност при дълги сетове. Големият 7-инчов мултитъч дисплей осигурява лесен контрол върху библиотеката, ефектите и вълновите форми.\r\n\r\nPRIME GO разполага с професионални XLR изходи, два микрофонни входа, чувствителни джог колела и 8 перформанс пада на дек. Компактният размер и здравата конструкция го правят идеален за DJ-и, които искат максимална свобода и надеждност в движение.\r\n\r\nТехнически характеристики (описани текстово)\r\n\r\nDenon PRIME GO е самостоятелен 2‑деков DJ контролер с 7-инчов мултитъч дисплей и вградена батерия с до 4 часа работа. Разполага с два микрофонни входа, XLR master изходи, USB и SD слотове за медия, Wi‑Fi за стрийминг услуги и 8 перформанс пада на дек. Джог колелата са чувствителни и компактни, а устройството е леко и лесно за пренасяне.\r\n\r\nПредимства\r\n\r\nНапълно самостоятелен контролер – работи без лаптоп\r\nВградена батерия за до 4 часа автономност\r\n7” мултитъч дисплей за бърза и интуитивна работа\r\nПрофесионални XLR изходи и два микрофонни входа\r\nСтрийминг услуги и Wi‑Fi свързаност\r\nИзключително компактен и подходящ за мобилни DJ-и', 1299.99, 1, 'denon-prime-go-1775224252.png', 'Denon', 1, '2026-03-12 16:48:40', '2026-04-03 15:07:34'),
(3, 2, 'Allen & Heath Xone:43', 'allen-heath-xone43', 'Аналогов 4-канален DJ микшер с вградени филтри. Легендарен звук.', 389.00, 4, NULL, 'Allen & Heath', 0, '2026-03-12 16:48:40', '2026-04-05 16:15:55'),
(4, 2, 'Pioneer DJM-900NXS2', 'pioneer-djm-900nxs2', 'Флагманският клубен стандарт — 4-канален цифров микшер.', 979.00, 1, NULL, 'Pioneer DJ', 0, '2026-03-12 16:48:40', '2026-04-05 12:53:29'),
(5, 3, 'Sennheiser HD 25', 'sennheiser-hd-25', 'Леки и издръжливи DJ слушалки с отлична изолация. Индустриален стандарт.', 97.99, 4, NULL, 'Sennheiser', 0, '2026-03-12 16:48:40', '2026-04-05 16:15:59'),
(6, 3, 'Audio-Technica ATH-M50x', 'audio-technica-ath-m50x', 'Студийни слушалки с изключително детайлен звук. Сгъваема конструкция.', 79.99, 6, NULL, 'Audio-Technica', 0, '2026-03-12 16:48:40', '2026-04-05 16:16:04'),
(7, 4, 'QSC K12.2', 'qsc-k122', 'Активен говорител 2000W с DSP обработка. Подходящ за клубове и събития.', 599.00, 3, NULL, 'QSC', 0, '2026-03-12 16:48:40', '2026-04-05 12:52:07'),
(8, 5, 'Pioneer CDJ-3000', 'pioneer-cdj-3000', 'Флагманският медиен плейър с 9-инчов сензорен дисплей и цифров I/O.', 1129.00, 2, NULL, 'Pioneer DJ', 0, '2026-03-12 16:48:40', '2026-04-05 16:16:13'),
(9, 2, 'Rane Seventy-Two MKII', 'rane-seventy-two-mkii', 'Професионален 2-канален DJ микшер', 810.00, 4, '0', 'Rane DJ', 0, '2026-03-19 12:30:49', '2026-04-05 16:16:22'),
(10, 1, 'Pioneer DJ DDJ-FLX10', 'pioneer-dj-ddj-flx10', 'DDJ-FLX10 е 4-канален DJ контролер за Rekordbox и Serato DJ Pro. Той включва множество чисто нови функции, включително технологията Track Separation, която дава възможност за нови творчески възможности, като например лесно изпълнение на mash-ups в движение, без да е необходимо да се подготвят предварително парчета.\r\n\r\nЗареждайте обичайните песни от музикалната си библиотека и създавайте ремикси и машъпи в движение, като независимо манипулирате 3-те основни части на музиката: вокали, барабани и инструменти (други инструменти, включително бас и синтезатори). Има специални цветни бутони за управление на всяка част, така че винаги ще имате ясна визуална представа за това какво се възпроизвежда.\r\n\r\nАКТИВНА ЧАСТ И ЧАСТ ISO\r\nРегулирайте индивидуално силата на звука на вокалите, барабаните или инструментите или ги изключете напълно.\r\n\r\nFX PART SELECT\r\nИзберете към кои части на песента искате да приложите ефекти.\r\n\r\nМОМЕНТАЛНО УДВОЯВАНЕ НА ЧАСТ\r\nИзолирайте конкретна част от музиката\r\n\r\nЗареждайте обичайните песни от музикалната си библиотека и създавайте ремикси и машъпи в движение, като независимо манипулирате 3-те основни части на музиката: вокали, барабани и инстументи (други инструменти, включително бас и синтезатори). Има специални цветни бутони за управление на всяка част, така че винаги ще имате ясна визуална представа за това какво се възпроизвежда. Регулирайте индивидуално силата на звука на вокалите, барабаните или инструментите или ги изключете напълно.\r\n\r\nРазширен на Jog дисплей\r\n\r\nПерсонализирайте информацията, която виждате на джогинга, за да не се налага да откъсвате поглед от конзолата. Изберете един от 4 режима, някои от които показват 3-лентови форми на вълната (само за rekordbox), и следете информацията за Mix Point Link и за анализ на позицията на вокала в rekordbox, както и състоянието на Performance Pad.\r\n\r\nРЕЖИМ DECK INFO\r\nПоказва информация за дека, включително общата форма на вълната. (Когато използвате Serato DJ Pro, този режим показва виртуалния дек на Serato DJ Pro.)\r\n\r\nWAVEFORM MODE\r\nПоказва увеличените звукови вълни за 2 дека.\r\n\r\nПОКАЗВАНЕ НА ARTWORK\r\nПоказва обложката на песента, която се възпроизвежда.\r\n\r\nПОКАЗВАНЕ НА ЛОГОТО НА ДИДЖЕЯ\r\nПоказва вашето собствено лого или любимо изображение на всеки дек, след използване на инструмента за прехвърляне на изображения за PC/Mac\r\n\r\nНов Mix Point Link за смесване за безпроблемни преходи\r\n\r\nВъзползвайте се от напълно нова концепция за възпроизвеждане в Rekordbox, която ви позволява да създавате гладки музикални прогресии в сетовете си чрез свързване на микс точките в песните, така че следващата песен да започне в идеалния момент. Можете да зададете следващата песен да започне от началото на мелодията си, когато вокалът на текущата песен свърши, като по този начин осигурите плавен преход без звуков сблъсък. Не е необходимо да отброявате или да натискате ръчно бутона за възпроизвеждане, което също така оставя ръцете ви свободни за създаване на машъпи или добавяне на ефекти.\r\n\r\nDMX изход за функцията за осветление на Rekordbox\r\n\r\nОживете изпълненията си със светлинни ефекти, които съответстват на настроението на възпроизвежданите песни. Това е лесно с функцията Rekordbox Lighting и благодарение на DMX изхода на DDJ-FLX10 не се нуждаете от друго оборудване, като например външен DMX интерфейс. Просто свържете DMX-съвместимо осветително оборудване към контролера и използвайте Rekordbox, за да създадете персонализирани светлинни ефекти, или настройте софтуера автоматично да адаптира цвета и движението на светлините в съответствие с музиката.\r\n\r\nРазработена 4-сензорна система MAGVEL FADER\r\n\r\nУсъвършенстванa от 2-сензорната система на DDJ-1000, MAGVEL FADER на DDJ-FLX10 използва 4-сензорна система. Това ви позволява да правите и най-малките корекции на силата на звука, без значение колко малко е движението на кросфедера, което дава възможност за по-музикални изпълнения.\r\n\r\nСъвместимост с Rekordbox и Serato DJ Pro\r\n\r\nDDJ-FLX10 предлага безплатна plug-and-play съвместимост с rekordbox и Serato DJ Pro, което ви дава възможност да контролирате любимото си софтуерно приложение. Поддръжката на DVS е налична за rekordbox чрез избрани абонаментни планове, а за Serato - чрез платен лиценз/абонамент за Serato DJ Expansions или Serato DJ Suite', 1799.99, 5, 'pioneer-dj-ddj-flx10-1775085412.png', 'Pioneer DJ', 1, '2026-04-01 17:19:31', '2026-04-03 15:06:59'),
(12, 1, 'Pioneer DJ DDJ-FLX4', 'pioneer-ddj-flx4', 'Pioneer DJ DDJ-FLX4 е 2-канален контролер с улеснен и удобен за потребителя дизайн и професионално усещане, съвместим с rekordbox DJ и Serato DJ Lite.\r\n\r\nСъвместимост с rekordbox и Serato\r\nМожете да използвате DJ софтуер rekordbox или Serato DJ Lite безплатно, като свържете вашия PC/Mac към DDJ-FLX4. А ако искате да надстроите до Serato DJ Pro, може да закупите лиценз или абонамент за първокласната версия на софтуера.\r\n\r\nПоддръжка на няколко устройства\r\nНезависимо дали искате да се свържете с PC, Mac, iPhone, iPad или телефон или таблет с Android, DDJ-FLX4 е с универсален дизайн. Още по-добре, ако използвате контролера с rekordbox за iOS/Android, когато актуализацията стане достъпна в началото на 2023 г., ще можете да се свържете с устройството си чрез Bluetooth® или USB кабел. \r\n\r\nУдобен за потребителя преносим дизайн и професионално оформление\r\nРазположението на бутоните за управление на DDJ-FLX4 улеснява обучението за диджей и е наследено от професионалните диджейски продукти на Pioneer. Всичко е лесно за използване и подредено, което също така прави контролера достатъчно компактен, за да го вземете навсякъде, където искате да тренирате или да свирите.\r\n\r\nЧисто нови функции за интелигентно смесване\r\nНе знаете как да смесвате? Не се притеснявайте, можете да започнете веднага с функцията Smart Fader, която автоматично регулира силата на звука, силата на баса и BPM на музиката, така че да можете плавно да преминавате от една песен към друга, като просто преместите фейдърите на канала или кросфейдъра . Плюс това, със Smart CFX можете просто да завъртите копче, за да приложите комбинация от ефекти.\r\n\r\nБезпроблемна интеграция с избрани услуги за стрийминг\r\nRekordbox е съвместим с множество услуги за стрийминг. Така че можете да избирате от милионите песни, налични в платформите TIDAL, Beatport Streaming, Beatsource Streaming и SoundCloud Go+ (изискват се абонаменти), и да ги смесвате заедно на DDJ-FLX4. Можете също така да използвате всички ефекти и функции за изпълнение, за да подправите любимите си песни и да създадете свой собствен звук.\r\n\r\nUSB аудио изход за звук от микрофон\r\nDDJ-FLX4 улеснява работата ви, ако искате да бъдете водещ или да пеете по време на сета си, тъй като смесва звука вместо вас. Така че можете да свържете контролера към едно устройство и да чуете звука на вашия микс заедно със звука от микрофона, стига да нямате свързано Bluetooth® устройство. Това също така прави DDJ-FLX4 идеален избор, ако искате да излъчвате сетовете си на живо, защото можете да правите всичко това от едно устройство.\r\n\r\nСъвместим DJ софтуер\r\nrekordbox за Mac/Windows\r\nrekordbox за iOS/Android (предстои в началото на следващата година)\r\nSerato DJ Lite\r\nSerato DJ Pro (лицензът/абонаментът не е включен)\r\n\r\nСпецификации:\r\nЧестотен диапазон: 20 - 20000 Hz\r\nширина: 18,98 инча\r\nВисочина: 2,33 инча\r\nДълбочина: 10,74 инча\r\nТегло: 4,63 фунта\r\nЗвукова карта: 16 бита/24 бита, 44,1 kHz/48 kHz\r\nСъотношение сигнал/шум: 103 dB\r\nИзкривяване: < 0,005 % (USB)\r\nКанали: 2\r\nДжог: 111,6 мм\r\nBeat FX: да\r\nColor FX: да\r\nSampler: rekordbox 16 слот / Serato DJ Lite 4 слот\r\nHot Cue: rekordbox 8 / Serato DJ Lite 4\r\nPad Modes rekordbox: Hot Cue / Pad FX 1 / Pad FX 2 / Beat Jump\r\nAuto Beat Loop: да\r\n\r\nВходове: \r\n1 микрофон (1/4 инча TS жак)\r\nИзходи:\r\n1 МАСТЕР (RCA)\r\n1 ТЕЛЕФОН (3,5 мм стерео мини жак)\r\nUSB: 2 комплекта USB Type-C порт (PC/Mac връзка и захранване ×1, само захранване ×1)\r\n\r\nГаранция: 36 месеца', 349.99, 10, 'pioneer-dj-ddj-flx4-1775405873.png', 'Pioneer DJ', 1, '2026-04-01 22:45:11', '2026-04-05 16:17:53'),
(13, 1, 'Rane One', 'rane-one', '', 599.99, 0, NULL, '0', 1, '2026-04-01 22:48:56', '2026-04-05 11:18:12'),
(15, 1, 'Pioneer DJ DDJ-REV7', 'pioneer-rev-7', 'DDJ-REV7 е създаден, за да ви помогне да извлечете максимума от софтуера Serato DJ Pro и се характеризира с чисто нов дизайн, който включва големи Jog-ове с On Jog Display, за отлична визуална връзка между вас и музиката ви. Оформлението на този 2-канален модул емулира професионален DJM-S миксер + 2 грамофона PLX и включва специализирани функции за battle & scratch диджеи.\r\n\r\nCompatible DJ Software: Serato DJ Pro\r\nWidth: 732 mm / Height: 82.4 mm / Depth: 382.2 mm\r\nWeight: 10.7 kg\r\nSoundcard: 24 bit/48 kHz\r\nFrequency Range: 20 - 20000 Hz\r\nSignal-to-Noise Ratio: 110 dB (USB)\r\n95 dB (LINE)\r\n84 dB (PHONO)\r\nDistortion\r\n< 0.003 % (USB)\r\n< 0.005 % (LINE)\r\n< 0.017 % (PHONO)\r\nChannels: 2\r\nDeck Control: 2\r\nTrim knob: Yes\r\nJog Wheel: 175 mm (Top plate) / 207 mm (Platter)\r\nColor on jog display: Yes\r\nBeat FX:\r\n\r\nEcho / Time Sweep Echo / Ducking Echo / Echo Out / Fill Out\r\nSpiral / Helix / Helix Out / Delay / Reverb / One-shot Spin / One-shot Brake Duck Down\r\nFlanger / Phaser / HP Filter / LP Filter / Trans / Roll\r\nFader Synth Sine / Fader Synth Saw / Fader Synth Square\r\nSound Color FX: Filter / Noise / Pitch / Dub Echo / Wide Filter\r\nSampler: 8slot x 4bank\r\nHot Cues: 8\r\nPad Modes\r\nHot Cue\r\nRoll\r\nSaved Loop\r\nSampler\r\nPitch Play\r\nSlicer Loop\r\nSaved Flip\r\nScratch Bank\r\nManual Loop: Yes\r\nAuto Loop/Auto Beat Loop: Yes\r\nSlip Mode: Yes\r\nTalkover Function: Yes\r\nEQ Isolator: Yes\r\nFader\r\n\r\nCrossfader Feeling Adjust: Yes\r\nCrossfader Curve Adjust: Yes\r\nInputs:\r\n\r\n2 PHONO/LINE (RCA)\r\n2 MIC (XLR & 1/4 inch TRS Jack, 1/4 inch TRS Jack)\r\n1 AUX (RCA)\r\nOutputs:\r\n\r\n2 MASTER (XLR, RCA)\r\n1 BOOTH (1/4 inch TRS Jack)\r\n2 PHONES (1/4-inch stereo jack, 3.5-mm stereo mini-jack)\r\nUSB\r\n\r\n2 USB B ports', 2199.99, 5, 'pioneer-dj-ddj-rev7-1775223275.png', 'Pioneer DJ', 1, '2026-04-01 22:55:09', '2026-04-03 13:34:35'),
(16, 1, 'Pioneer DDJ-FLX4', 'pioneer-ddj-flx4-1775084167', 'Pioneer DJ DDJ-FLX4 е 2-канален контролер с улеснен и удобен за потребителя дизайн и професионално усещане, съвместим с rekordbox DJ и Serato DJ Lite.\r\n\r\nСъвместимост с rekordbox и Serato\r\nМожете да използвате DJ софтуер rekordbox или Serato DJ Lite безплатно, като свържете вашия PC/Mac към DDJ-FLX4. А ако искате да надстроите до Serato DJ Pro, може да закупите лиценз или абонамент за първокласната версия на софтуера.\r\n\r\nПоддръжка на няколко устройства\r\nНезависимо дали искате да се свържете с PC, Mac, iPhone, iPad или телефон или таблет с Android, DDJ-FLX4 е с универсален дизайн. Още по-добре, ако използвате контролера с rekordbox за iOS/Android, когато актуализацията стане достъпна в началото на 2023 г., ще можете да се свържете с устройството си чрез Bluetooth® или USB кабел. \r\n\r\nУдобен за потребителя преносим дизайн и професионално оформление\r\nРазположението на бутоните за управление на DDJ-FLX4 улеснява обучението за диджей и е наследено от професионалните диджейски продукти на Pioneer. Всичко е лесно за използване и подредено, което също така прави контролера достатъчно компактен, за да го вземете навсякъде, където искате да тренирате или да свирите.\r\n\r\nЧисто нови функции за интелигентно смесване\r\nНе знаете как да смесвате? Не се притеснявайте, можете да започнете веднага с функцията Smart Fader, която автоматично регулира силата на звука, силата на баса и BPM на музиката, така че да можете плавно да преминавате от една песен към друга, като просто преместите фейдърите на канала или кросфейдъра . Плюс това, със Smart CFX можете просто да завъртите копче, за да приложите комбинация от ефекти.\r\n\r\nБезпроблемна интеграция с избрани услуги за стрийминг\r\nRekordbox е съвместим с множество услуги за стрийминг. Така че можете да избирате от милионите песни, налични в платформите TIDAL, Beatport Streaming, Beatsource Streaming и SoundCloud Go+ (изискват се абонаменти), и да ги смесвате заедно на DDJ-FLX4. Можете също така да използвате всички ефекти и функции за изпълнение, за да подправите любимите си песни и да създадете свой собствен звук.\r\n\r\nUSB аудио изход за звук от микрофон\r\nDDJ-FLX4 улеснява работата ви, ако искате да бъдете водещ или да пеете по време на сета си, тъй като смесва звука вместо вас. Така че можете да свържете контролера към едно устройство и да чуете звука на вашия микс заедно със звука от микрофона, стига да нямате свързано Bluetooth® устройство. Това също така прави DDJ-FLX4 идеален избор, ако искате да излъчвате сетовете си на живо, защото можете да правите всичко това от едно устройство.\r\n\r\nСъвместим DJ софтуер\r\nrekordbox за Mac/Windows\r\nrekordbox за iOS/Android (предстои в началото на следващата година)\r\nSerato DJ Lite\r\nSerato DJ Pro (лицензът/абонаментът не е включен)\r\n\r\nСпецификации:\r\nЧестотен диапазон: 20 - 20000 Hz\r\nширина: 18,98 инча\r\nВисочина: 2,33 инча\r\nДълбочина: 10,74 инча\r\nТегло: 4,63 фунта\r\nЗвукова карта: 16 бита/24 бита, 44,1 kHz/48 kHz\r\nСъотношение сигнал/шум: 103 dB\r\nИзкривяване: < 0,005 % (USB)\r\nКанали: 2\r\nДжог: 111,6 мм\r\nBeat FX: да\r\nColor FX: да\r\nSampler: rekordbox 16 слот / Serato DJ Lite 4 слот\r\nHot Cue: rekordbox 8 / Serato DJ Lite 4\r\nPad Modes rekordbox: Hot Cue / Pad FX 1 / Pad FX 2 / Beat Jump\r\nAuto Beat Loop: да\r\n\r\nВходове: \r\n1 микрофон (1/4 инча TS жак)\r\nИзходи:\r\n1 МАСТЕР (RCA)\r\n1 ТЕЛЕФОН (3,5 мм стерео мини жак)\r\nUSB: 2 комплекта USB Type-C порт (PC/Mac връзка и захранване ×1, само захранване ×1)\r\n\r\nГаранция: 36 месеца', 349.99, 8, 'pioneer-ddj-flx4-1775084167.webp', 'Pioneer DJ', 0, '2026-04-01 22:56:07', '2026-04-05 11:14:45'),
(17, 1, 'AlphaTheta DDJ-GRV6', 'alphatheta-ddj-grv6', 'DDJ-GRV6 разполага с големи джогинг колела, които са идеални за скречове, 8 Performance Pads, които са разположени над джогинг колелата - точно както при водещия мултиплейър CDJ-3000 - и Beat FX от DJM-A9 в миксерната секция. Всичко това означава, че можете да свирите с усещане, подобно на това при използване на стандартно клубно оборудване, и да се представяте динамично, като комбинирате изразително скречиране с падове и техники за ефекти, които са идеални за клубни сетове. \r\n\r\nИнтелигентният ротационен селектор и функцията Discover революционизират избора на песни\r\n\r\nИнтелигентен ротационен селектор\r\n\r\nНовият Smart Rotary Selector на DDJ-GRV6 позволява накланяне нагоре/надолу и наляво/надясно, както и конвенционални операции на завъртане и натискане, когато използвате rekordbox за Mac/Windows ver. 7. Накланянето наляво/надясно дава възможност за интуитивна навигация в медийния браузър, дървовидния изглед и списъка с песни, а накланянето нагоре/надолу позволява бърза навигация в списъците за изпълнение и колекциите, така че бързо да намерите желаната песен, независимо колко голяма е музикалната ви библиотека.\r\n\r\nФункция „Открий\r\n\r\nС натискане на бутона Discover (Открий) можете бързо да получите достъп до функцията Track Suggestion (Предложения за песни), която ви помага да преоткриете стари любими песни или да се запознаете с нови.\r\n\r\n*Функцията „Открий“ е налична само в rekordbox за Mac/Windows.\r\n\r\nРемиксиране на изпълнения със Stems FX в Serato DJ Pro\r\n\r\nDDJ-GRV6 е съвместим със Serato DJ Pro, който включва функцията Stems FX. Изразете себе си музикално, като приложите ефекти като Roll, Trans, Echo Out и Delay към отделните Stems на дадена песен - барабани, бас, вокал или мелодия. Приложете листа за наслагване, включен в комплекта на DDJ-GRV6, за да промените етикетите на бутоните на Stems FX за по-лесна употреба.\r\n\r\nСъвместимост с няколко устройства: Диджействайте с компютър/Mac, мобилно устройство и др.\r\n\r\nМожете да изберете да използвате DDJ-GRV6 не само с rekordbox за Mac/Windows, но и с rekordbox за iOS/Android. С възможността за възпроизвеждане чрез мобилно устройство имате свободата да диджействате в предпочитания от вас стил и в различни настройки.\r\n\r\n* DDJ-GRV6 не поддържа Bluetooth® връзки.\r\n*Само канали 1 и 2 са налични за възпроизвеждане в rekordbox за iOS/Android.\r\n\r\nИнтуитивно потребителско изживяване и изтънчен дизайн\r\n\r\nВъпреки че включва много усъвършенствани функции, матовочерното покритие и ергономичният дизайн означават, че можете лесно да се ориентирате в DDJ-GRV6. Въпреки разнообразието от функции, минималистичният дисплей и индикаторите предлагат интуитивен достъп до необходимите ви функции. А веригата Groove Circuit, една от ключовите функции на устройството, е изчистено разположена над Performance Pads със „стъпка нагоре“ между тях, което гарантира, че няма случайно да докоснете джага, когато я използвате. Този елегантен дизайн ви позволява да проявите творчество в изпълненията, които могат да бъдат толкова прости или сложни, колкото ви харесва.', 849.99, 3, 'alphatheta-ddj-grv6.webp', 'AlphaTheta', 1, '2026-04-02 11:05:08', '2026-04-03 15:09:36'),
(18, 1, 'RANE One MK II', 'rane-one-mk-ii', 'RANE ONE MK2 е професионален DJ контролер с моторизирани платна, който съчетава автентично turntable усещане с гъвкавостта на цифров контрол. Предназначен е за scratch, open‑format сетове и live изпълнения, осигурявайки прецизен контрол, плавна реакция и стабилна работа с Serato DJ Pro.\r\n\r\nМоделът разполага с две 7″ моторизирани платна, които имитират реално винил въртене, както и интуитивна навигация за cue, pitch и scratch техники. Контролерът включва MAG FOUR crossfader с регулируема чувствителност и контури, performance pads с множество режими (Hot Cue, Loop, Roll, Sampler) и удобни контролни колела за прецизно миксиране.\r\n\r\nRANE ONE MK2 комбинира здрава конструкция, професионална аудио секция и богати възможности за ефекти и контрол, подходящи за клубове, събития и професионални DJ сетове.\r\n\r\nТехнически характеристики\r\n\r\nОбщи\r\n\r\n• Тип: Моторизиран DJ контролер\r\n• Съвместимост: Serato DJ Pro (включен)\r\n• Формат: Desktop контролер\r\n• Контролни платформи: Serato DJ Pro\r\n• Конструкция: Здрава метална рамка\r\n\r\nПлатна и управление\r\n\r\n• 2 × 7″ моторизирани платна\r\n• Реалистично винил усещане за scratch\r\n• Управление на pitch/tempo директно от платната\r\n• Jog/Platters с прецизен оборот\r\n\r\nМиксер и контрол секция\r\n\r\n• MAG FOUR crossfader с настройка на tension и contour\r\n• 2 канални фейдъра\r\n• 8 × performance pads на канал\r\n• Pad режими: Hot Cue, Loop, Roll, Sampler, Slicer\r\n\r\nFX и креативни функции\r\n\r\n• Вградени Main FX за динамични live миксове\r\n• Channel FX: Echo, Reverb, Filter, Noise и др.\r\n• Dedicated STEMS контрол (зависи от Serato DJ Pro)\r\n\r\nСвързаност\r\n\r\n• USB: 1 × USB‑B порт (за връзка с компютър)\r\n• Изходи: XLR Main, RCA Main\r\n• Booth изход: 6.3 mm\r\n• Микрофонни входове: 1 × XLR/TRS\r\n• AUX/Line вход: Да\r\n\r\nАудио параметри\r\n\r\n• Аудио резолюция: 24‑бит / 48 kHz\r\n• Професионална аудио обработка с нисък шум\r\n\r\nФизически характеристики\r\n\r\n• Размери (Ш × Д × В): приблизително 710 × 350 × 105 mm\r\n• Тегло: приблизително 10.5 kg\r\n\r\nОписание на употреба\r\n\r\nRANE ONE MK2 е предназначен за професионални DJ изпълнения, scratch и open‑format сетове, които изискват прецизен моторизиран контрол, висока надеждност и широка гама ефекти и режими за творчество.', 1539.99, 1, 'rane-one-mk-ii.webp', 'Rane', 1, '2026-04-03 13:39:27', '2026-04-07 18:32:45'),
(19, 8, 'Audio-Technica AT-LP120XUSB', 'audio-technica-at-lp120xusb', 'Грамофонът AT-LP120XUSB е актуализирана версия на AT-LP120-USB и разполага с нов серво двигател с директно задвижване, регулируем динамичен анти-скейт контрол и предусилвател с превключване (PHONO / LINE).\r\n\r\nТози грамофон с напълно ръчно управление възпроизвежда записи от 33-1/3, 45 и 78 оборота в минута и е снабден с USB изход, който позволява директно свързване към компютърна система. Просто изтеглете безплатния софтуер за запис на Audacity (съвместим с Mac и PC) и започнете да конвертирате вашите плочи в цифрови аудио файлове.\r\n\r\nВ допълнение към USB изхода, грамофонът се доставя и с двоен RCA кабел, за да можете да го свържете директно към домашна стереоуредба, независимо дали тя има специален вход (PHONO), или не.\r\n\r\nAT-LP120XUSB е оборудван със S-образно рамо с регулируем натиск и универсален носач AT-HS6 с доза AT-VM95E Dual Magnet™.\r\nAudio-Technica е лидер в дизайна на дози за повече от 50 години и този опит се проявява в универсалната, високопроизводителна доза AT-VM95E, която идва с елипсовидна игла 0,3 x 0,7 милиметра. В същото време дозата е съвместима с всяка друга игла от серия VM95, осигурявайки богат избор от опции за всеки бюджет и приложение.\r\n\r\nХарактеристики\r\n\r\nНапълно ръчно управление\r\nРегулируем динамичен анти-скейт контрол\r\nИзбираеми скорости 33/45/78 оборота в минута\r\nПрофесионален антирезонансен алуминиев диск\r\nУниверсален носач AT-HS6 и доза AT-VM95E Dual Magnet™ с елипсовидна игла\r\nДозата AT-VM95E е съвместима с всяка друга игла от серия VM95\r\nБалансирано S-образно рамо с хидравличен контрол на подемника и заключваща се опора\r\nВграден предусилвател с превключване на изхода (PHONO / LINE)\r\nСтробоскопичен диск с индикатор за скорост\r\nВъншен захранващ адаптер за намаляване шума в сигналната верига\r\nКомплектът съдържа\r\n\r\nГрамофон AT-LP120XUSB\r\n45 RPM адаптер\r\nСменяем прахозащитен капак\r\nАудио кабел 2 чинча (мъжки) към 2 чинча (мъжки)\r\nUSB кабел\r\nАдаптер за захранване\r\nТехническа информация\r\n\r\nГрамофон\r\n\r\nDrive Method: Direct drive\r\nType: 2-Speed, fully manual operation\r\nMotor: DC servo-controlled\r\nSpeeds: 33-1/3 RPM, 45 RPM, 78 RPM\r\nPitch Variation: +/-8% or +/-16%\r\nTurntable Platter: Die-cast aluminium\r\nStarting Torque: >1.0 kgf.cm\r\nBraking System: Electronic brake\r\nWow and Flutter: < 0.2% WRMS (33 RPM)\r\nSignal-to-Noise Ratio: > 50 dB\r\nOutput Level: Pre-amp “PHONO”: 4 mV nominal at 1 kHz, 5 cm/sec\r\nPre-amp “LINE”: 240 mV nominal at 1 kHz, 5 cm/sec\r\nPhono Pre-Amp Gain: 36 dB nominal, RIAA equalized\r\nUSB Function: PC or Mac with an available USB port (USB1.1 or higher)\r\nWindows 7 or above, or Mac OS X or above A/D, D/A – 16-bit/44.1 kHz or 48 kHz USB selectable;\r\nComputer interface – USB 1.1 Compliant Windows 7 or above, or MAC OS X or above\r\nPower Supply Requirements: 115/230V AC, 60/50 Hz\r\nPower Consumption: 2.75 W\r\nDimensions: 141.6 x 452 x 352 (H x W x D mm)\r\nWeight: 8.0kg\r\nДоза и игла\r\n\r\nReplacement Stylus: VM95 Series', 349.99, 5, 'audio-technica-at-lp120xusb.png', 'Audio-Technica', 1, '2026-04-03 14:55:47', '2026-04-03 15:06:21'),
(20, 8, 'Audio-Technica AT-LP140XPBK', 'audio-technica-at-lp140xpbk', 'AT-LP140XP е професионален DJ грамофон с напълно ръчно управление и двигател с директно задвижване. Двигателят с висок въртящ момент и антирезонансният алуминиев диск осигуряват стабилно въртене по оста при 33-1/3, 45 и 78 оборота в минута. Грамофонът е оборудван със S-образно рамо, което предлага възможности за регулиране на височината, натиска и динамичния анти-скейт контрол. Високопроизводителната доза AT-XP3 DJ е с конично свързана игла и се доставя предварително монтирана към универсалния носач AT-HS6. Проектиран да се свързва към устройства със специален вход (PHONO), в комплекта на AT-LP140XP е добавен двоен RCA кабел (2 мъжки чинча към 2 мъжки чинча), който осигурява изход от 5.5 mV. Допълнителните професионални функции включват бутони старт / стоп; възпроизвеждане напред и назад; избираемо управление с висока точност и кварцово регулиране на стъпката и плъзгача за промяна на височината с +/- 8%, +/- 16% и +/- 24%; стробоскопичен диск с индикатор за скорост; сменяем прахозащитен капак с панти.\r\n\r\nСерво мотор с директно задвижване и въртящ момент със стабилизация на скоростта\r\nНапълно ръчна работа\r\nРегулируем динамичен анти-скейт контрол\r\nИзбираеми скорости 33/45/78 оборота в минута\r\nПрофесионален антирезонансен алуминиев корпус\r\nУниверсален носач AT-HS6 и високопроизводителна доза AT-XP3 DJ с конично свързана игла\r\nБалансирано S-образно рамо с хидравлично управлениe, регулиране на височината и заключващата се опора\r\nСпециализиран изход PHONO (5.5 mV)\r\nСтробоскопичен диск с индикатор за скорост\r\nРабота напред / назад и регулиране на променливата височина и кварцовото заключване на скоростта\r\n\r\nКомплектът съдържа:\r\nГрамофон AT-LP140XP\r\n45 RPM адаптер\r\nСменяем прахозащитен капак с панти\r\nАудио кабел 2 чинча (мъжки) към 2 чинча (мъжки)\r\nЗахранващ кабел\r\n\r\nГрамофон:\r\nDrive Method: Direct drive\r\nType: 3-speed, fully manual operation\r\nMotor: High-torque DC motor\r\nSpeeds: 3-1/3 RPM, 45 RPM, 78 RPM\r\nPitch Variation: +/-8% or +/-16% or +/-24%\r\nTurntable Platter: Die-cast aluminium\r\nStarting Torque: 2.2 kgf-cm\r\nWow and Flutter: < 0.2% WRMS (33 RPM)\r\nSignal-to-Noise Ratio: > 50 dB\r\nOutput Level: 5.5 mV nominal at 1 kHz, 5 cm/sec\r\nPower Supply Requirements: 115/230V AC, 60/50 Hz\r\nPower Consumption: 4.3 W\r\nWeight: 10.0 kg\r\n\r\nДоза и игла:\r\nModel: AT-XP3\r\nType: VM Dual Magnet\r\nOutput Voltage: 5.5 mV (@ 1.0 kHz, 5cm/sec)\r\nVertical Tracking Force Range: 2.0 to 4.0 g (standard 3.0 g)\r\nStylus Shape: Conical\r\nStylus Size: 0.6 mil\r\nRecommended Load Impedance: 47,000 ohms\r\nWeight: 6.2 g\r\n\r\nНосач:\r\nModel: AT-HS6\r\nWeight: 9 g\r\n\r\nРамо: \r\nType: Balanced S-shaped tonearm with detachable headshell\r\nEffective Length: 230.5mm\r\nOverhang: 16mm\r\nMaximum Tracking Error Angle: Less than 3 degree\r\nApplicable Cartridge Weight: 3.5 - 8.5 g\r\nAnti-skating Range: 0 - 4 g', 479.99, 3, 'audio-technica-at-lp140xpbk.png', 'Audio-Technica', 1, '2026-04-03 14:57:50', '2026-04-03 15:06:12'),
(21, 8, 'Pioneer DJ PLX-500', 'pioneer-dj-plx-500', 'PLX-500 наследява оформлението на професионалния грамофон PLX-1000 и произвежда топъл, ясен аналогов звук. Идеалният грамофон за DJ работа или ако просто искате да слушате колекцията си от плочи у дома. Стабилно изграден с отлично затихване на вибрациите и прецизно аудио възпроизвеждане, PLX-500 e снабден с direct drive мотор с висок въртящ момент има USB изход, за да правите цифрови записи на вашата колекция от винил в нашия безплатен софтуер rekordbox. Можете също така да комбинирате PLX-500 с rekordbox dvs Plus Pack, съвместим миксер и RB-VS1-K Control Vinyl, за да възпроизвеждате и цифрови файлове чрез грамофоните. \r\n\r\nWidth: 450 mm\r\nHeight: 159 mm\r\nDepth: 368 mm\r\nWeight: 10.7 kg\r\nDrive Method: Servo-type direct drive\r\nPlatter: Aluminium, die-casting diameter: 332 mm\r\nMotor: 3-phase, brushless DC motor\r\nBraking System: Electronic brake\r\nRotation Speed: 33⅓, 45, 78 rpm\r\nRotation Adjustment Range: ±8 %\r\nWow and Flutter: < 0.15% WRMS\r\nSignal-to-Noise Ratio: 50 dB\r\nStarting Torque: > 1.6 kgf・cm\r\nStart Time: Within 1 sec (at 33⅓ rpm)\r\nTone Arm: Arm Type\r\nUniversal type S-shape tone arm\r\nGimbal-supported type bearing structure\r\nStatic balance type\r\nOverhang: 16 mm\r\nEffective Length: 230.5 mm\r\nTracking Error: Within 3°\r\nHeight Adjustment Range: 6 mm\r\nStylus Pressure Variable Range: 0-4 g (1 scale 0.1 g)\r\nProper Cartridge Weight: < 9.5 g\r\nCartridge type: VM\r\nUSB: 1 USB B port\r\nOutputs: 1 PHONO/LINE (RCA)', 399.99, 1, 'pioneer-dj-plx-500-1775228686.png', 'Pioneer DJ', 1, '2026-04-03 15:00:57', '2026-04-05 11:28:48'),
(22, 8, 'Pioneer DJ PLX-1000', 'pioneer-dj-plx-1000', 'PLX-1000 е уникален грамофон, проектиран с 50-годишен опит в производството на грамофони от висок клас. Познатият култов SL дизайн с подобрения от следващо поколение, включително система за директно задвижване с висок въртящ момент, висок, клубен клас на изработка и качество на звука, както и разглобяеми захранващи и аудио кабели. PLX-1000 е солидно изграден за отлично потискане на вибрациите и свръх-прецизно, висококачествено аудио възпроизвеждане.\r\n\r\nWidth: 453 mm\r\nHeight: 159 mm\r\nDepth: 353 mm\r\nWeight: 14.6 kg\r\nDrive Method: Quartz lock, servo-type, direct drive\r\nPlatter: Aluminium, die-casting diameter: 332 mm\r\nMotor: 3-phase, brushless DC motor\r\nBraking System: Electronic brake\r\nRotation Speed: 33⅓-45 rpm\r\nRotation Adjustment Range: ±8, ±16, ±50 %\r\nWow and Flutter: < 0.01 % (Measured by obtaining signal from built-in frequency generator of motor assembly.)\r\nSignal-to-Noise Ratio: 70 dB\r\nStarting Torque: > 4.5 kgf・cm\r\nStart Time: Within 0.3 sec (at 33⅓ rpm)\r\nArm Type: Universal type S-shape tone arm\r\nGimbal-supported type bearing structure\r\nStatic balance type\r\nOverhang:15 mm\r\nEffective Length:230 mm\r\nTracking Error:Within 3°\r\nHeight Adjustment Range: 6 mm\r\nStylus Pressure Variable Range: 0-4 g (1 scale 0.1 g)\r\nProper Cartridge Weight: 2.5-12 g (includes mounting materials)\r\nOutputs: 1 ANALOGUE (RCA)', 849.99, 3, 'pioneer-dj-plx-1000.png', 'Pioneer DJ', 1, '2026-04-03 15:19:41', '2026-04-06 17:09:22'),
(23, 10, 'Pioneer DJ DDJ-XP2', 'pioneer-dj-ddj-xp2', 'Вдигнете нивото на работата си с DDJ-XP2 DJ контролер за rekordbox и Serato DJ Pro. Без значение с кое DJ приложение работите, този DJ хардуер ще ви позволи да извлечете максимума от работата с любимия си софтуер. Тази еволюция на DDJ-XP1 добавя към функционалността на оригинала, без да жертва интуитивното оформление и стабилното качество на изработка. Неговата здрава конструкция и неплъзгаща се гумена обвивка позволяват да го употребявате със замах, без да се притеснявате за здравината му.\r\n\r\nСъвместимост с rekordbox и Serato DJ Pro\r\nDDJ-XP2 се чувства естествено с rekordbox или Serato DJ Pro. Можете лесно да задействате популярните функции на всяко приложение, като Hot Cues, Beat Jump и Slicer. Без значение кое приложение за изпълнение на DJ изберете, вие ще създадете креативни, уникални изпълнения.\r\n\r\nПадове \r\nОтключете потенциала на функциите за ефективност на вашето приложение с 32-те многоцветни падове с ниска латентност. Те са създадени, за да останат чувствителни на допир, дори ако ги удряте силно, нощ след нощ.\r\n\r\nСлайд FX\r\nДинамично контролирайте избраната от вас комбинация от FX, като докосвате лентите Slide FX и движите пръста си нагоре и надолу, без да е необходимо да включвате или изключвате избрания FX.\r\n\r\n16-пад режими\r\nРежимите с 16 падове на Serato DJ Pro ви позволяват да присвоите 8 подложки към две различни функции на дек, като Hot Cues и режим Sampler. Това означава, че можете да задействате Hot Cues и проби едновременно, без да е необходимо да превключвате.\r\n\r\nТранспортен режим\r\nС транспортния режим както в rekordbox, така и в Serato DJ Pro, можете да използвате падовете като транспортни контроли за вашата музика, за да възпроизвеждате, поставяте на пауза, поставяте подсказки, насочвате нагоре/надолу песни и др. С rekordbox всичко, от което се нуждаете, е вашият лаптоп.\r\n\r\nСъвместим DJ софтуер: Serato DJ Pro / rekordbox\r\n\r\nКакво има в кутията:\r\nDDJ-XP2\r\nUSB кабел\r\nИнструкции за работа (Ръководство за бърз старт)\r\nГаранция (за някои региони)\r\n\r\n\r\nСпецификации:\r\nширина: 333 мм\r\nВисочина: 42 мм\r\nДълбочина: 235 мм\r\nТегло: 1,5 кг', 379.99, 5, 'pioneer-dj-ddj-xp2.png', 'Pioneer DJ', 1, '2026-04-05 16:22:50', '2026-04-05 16:22:59'),
(24, 3, 'Pioneer DJ HDJ-CUE1', 'pioneer-dj-hdj-cue1', 'Тези стилизирани DJ слушалки са изградени върху ДНК от професионалните модели слушалки на Pioneer DJ, но се предлагат на много по-бюджетна цена, като отговарят на много от показателите и характеристики им. Изберете HDJ-CUE1 за професионален външен вид и усещане, богат звук, компактен и гъвкав дизайн. Насладете се на специализирана настройка на звука, наследена от професионалното ниво HDJ-X5, за да можете да смесвате прецизно.\r\n\r\nАко се интересувате от безжични слушалки, разгледайте моделите HDJ-CUE1 Bluetooth. Включвайки всички функции на HDJ-CUE1 плюс технологията Bluetooth, която ви позволява да слушате музика в движение без кабел, те се предлагат в различни цветове, които ще отговарят на вашия индивидуален стил.\r\n\r\nСпецификации:\r\n\r\nТип: Затворен, динамичен\r\nДрайвери: 40 мм куполен тип\r\nКабел: 1,2 м къс навит кабел (1,8 м разширена дължина)\r\nТегло (без кабел): 215 гр\r\nМаксимална входна мощност: 2000 mW\r\nЧувствителност: 104 dB\r\nЧестотен обхват: 5 - 30000 Hz\r\nИмпеданс: 32 Ω', 69.99, 7, 'pioneer-dj-hdj-cue1.webp', 'Pioneer DJ', 1, '2026-04-05 16:25:47', '2026-04-05 16:25:47');

-- --------------------------------------------------------

--
-- Table structure for table `promo_codes`
--

CREATE TABLE `promo_codes` (
  `id` int(11) NOT NULL,
  `code` varchar(50) NOT NULL,
  `type` enum('percent','fixed') NOT NULL DEFAULT 'percent',
  `value` decimal(10,2) NOT NULL,
  `min_order` decimal(10,2) NOT NULL DEFAULT 0.00,
  `max_uses` int(11) DEFAULT NULL,
  `per_user_limit` int(11) DEFAULT NULL,
  `used_count` int(11) NOT NULL DEFAULT 0,
  `is_active` tinyint(1) NOT NULL DEFAULT 1,
  `expires_at` date DEFAULT NULL,
  `created_at` timestamp NOT NULL DEFAULT current_timestamp()
) ENGINE=InnoDB DEFAULT CHARSET=utf8mb4 COLLATE=utf8mb4_unicode_ci;

--
-- Dumping data for table `promo_codes`
--

INSERT INTO `promo_codes` (`id`, `code`, `type`, `value`, `min_order`, `max_uses`, `per_user_limit`, `used_count`, `is_active`, `expires_at`, `created_at`) VALUES
(1, 'DJSTORE15', 'percent', 15.00, 0.00, 100, NULL, 0, 1, '2026-12-31', '2026-03-19 14:41:50'),
(2, 'WELCOME20', 'percent', 20.00, 50.00, 50, 1, 4, 1, '2026-12-31', '2026-03-19 14:41:50'),
(3, 'FLAT15', 'fixed', 15.00, 100.00, NULL, NULL, 3, 1, NULL, '2026-03-19 14:41:50'),
(5, 'DJSTORE20', 'percent', 20.00, 0.00, NULL, NULL, 0, 1, '2099-01-01', '2026-04-01 23:32:32'),
(6, 'FLAT20', 'fixed', 20.00, 300.00, NULL, NULL, 1, 1, '2099-01-01', '2026-04-01 23:36:06'),
(7, 'SHOKIMANGALA', 'percent', 25.00, 150.00, NULL, NULL, 0, 1, '2099-01-01', '2026-04-07 18:33:36');

-- --------------------------------------------------------

--
-- Table structure for table `promo_code_usage`
--

CREATE TABLE `promo_code_usage` (
  `id` int(11) NOT NULL,
  `promo_code_id` int(11) NOT NULL,
  `user_id` int(11) NOT NULL,
  `order_id` int(11) DEFAULT NULL,
  `used_at` timestamp NOT NULL DEFAULT current_timestamp()
) ENGINE=InnoDB DEFAULT CHARSET=utf8mb4 COLLATE=utf8mb4_unicode_ci;

--
-- Dumping data for table `promo_code_usage`
--

INSERT INTO `promo_code_usage` (`id`, `promo_code_id`, `user_id`, `order_id`, `used_at`) VALUES
(1, 2, 1, 10, '2026-03-28 15:25:14'),
(2, 3, 1, 17, '2026-04-02 21:21:07'),
(3, 2, 6, 18, '2026-04-03 12:55:26'),
(6, 6, 1, 22, '2026-04-07 18:32:45');

-- --------------------------------------------------------

--
-- Table structure for table `users`
--

CREATE TABLE `users` (
  `id` int(11) NOT NULL,
  `username` varchar(50) NOT NULL,
  `email` varchar(100) NOT NULL,
  `password` varchar(255) NOT NULL,
  `full_name` varchar(100) NOT NULL,
  `phone` varchar(20) DEFAULT NULL,
  `address` text DEFAULT NULL,
  `role` enum('user','admin') NOT NULL DEFAULT 'user',
  `created_at` timestamp NOT NULL DEFAULT current_timestamp()
) ENGINE=InnoDB DEFAULT CHARSET=utf8mb4 COLLATE=utf8mb4_unicode_ci;

--
-- Dumping data for table `users`
--

INSERT INTO `users` (`id`, `username`, `email`, `password`, `full_name`, `phone`, `address`, `role`, `created_at`) VALUES
(1, 'admin', 'admin@djstore.bg', '$2y$10$v79DEudGNcOORo0E6WMOjOQxbDgwdp2VyXZIF2RqypPSQX2Fihf16', 'Администратор', '0999888777', '', 'admin', '2026-03-12 16:48:40'),
(2, 'testuser', 'user@djstore.bg', '$2y$10$TKh8H1.PXy3e/W2h8OICWO8r3ZmA7E.QEBFsVPfXj5xVhH3kh/2G2', 'Тест Потребител', '0888123456', 'гр. София, ул. Примерна 1', 'user', '2026-03-12 16:48:40'),
(3, 'ivan_dj', 'ivan@example.com', '$2y$10$tkKaPcrz7HO7vXhITA/up.Z60sxUKMK.Yi2dB7/oQtU4oULh87Ir2', 'Ivan Ivanov', '0999999999', '', 'user', '2026-03-12 18:03:34'),
(4, 'testuser2', 'test2@test.com', '$2y$10$kEeN/5piFan9pIjED9RcAOUR0UGhexzmUgG1KB6GGMB51bYukehDC', 'Тест Два', NULL, NULL, 'user', '2026-03-19 10:59:36'),
(5, 'newuser99', 'new99@test.com', '$2y$10$/Z.XuNrPidl4vfFswiK4JusRgPTWk95xBKWxfMr.amrTXaSRlpyfm', 'Нов Потребител', NULL, NULL, 'user', '2026-03-31 13:48:42'),
(6, 'Preslav', 'preslav@example.com', '$2y$10$atArsMYZ2DrDBtoh.rMCIe/N0nlcTEdoCOaP37IoN/pYaakKGr5na', 'Преслав Георгиев', '0899999999', 'гр. Варна, ул. Петър Райчев 2, бл. 2, вх. Д, ет. 7', 'user', '2026-04-03 12:53:51');

--
-- Indexes for dumped tables
--

--
-- Indexes for table `categories`
--
ALTER TABLE `categories`
  ADD PRIMARY KEY (`id`),
  ADD UNIQUE KEY `slug` (`slug`);

--
-- Indexes for table `orders`
--
ALTER TABLE `orders`
  ADD PRIMARY KEY (`id`),
  ADD KEY `idx_orders_user` (`user_id`),
  ADD KEY `idx_orders_status` (`status`);

--
-- Indexes for table `order_items`
--
ALTER TABLE `order_items`
  ADD PRIMARY KEY (`id`),
  ADD KEY `order_id` (`order_id`),
  ADD KEY `product_id` (`product_id`);

--
-- Indexes for table `products`
--
ALTER TABLE `products`
  ADD PRIMARY KEY (`id`),
  ADD UNIQUE KEY `slug` (`slug`),
  ADD KEY `idx_products_category` (`category_id`),
  ADD KEY `idx_products_active` (`is_active`);

--
-- Indexes for table `promo_codes`
--
ALTER TABLE `promo_codes`
  ADD PRIMARY KEY (`id`),
  ADD UNIQUE KEY `code` (`code`);

--
-- Indexes for table `promo_code_usage`
--
ALTER TABLE `promo_code_usage`
  ADD PRIMARY KEY (`id`),
  ADD UNIQUE KEY `unique_user_promo` (`promo_code_id`,`user_id`),
  ADD KEY `user_id` (`user_id`),
  ADD KEY `order_id` (`order_id`);

--
-- Indexes for table `users`
--
ALTER TABLE `users`
  ADD PRIMARY KEY (`id`),
  ADD UNIQUE KEY `username` (`username`),
  ADD UNIQUE KEY `email` (`email`);

--
-- AUTO_INCREMENT for dumped tables
--

--
-- AUTO_INCREMENT for table `categories`
--
ALTER TABLE `categories`
  MODIFY `id` int(11) NOT NULL AUTO_INCREMENT, AUTO_INCREMENT=11;

--
-- AUTO_INCREMENT for table `orders`
--
ALTER TABLE `orders`
  MODIFY `id` int(11) NOT NULL AUTO_INCREMENT, AUTO_INCREMENT=23;

--
-- AUTO_INCREMENT for table `order_items`
--
ALTER TABLE `order_items`
  MODIFY `id` int(11) NOT NULL AUTO_INCREMENT, AUTO_INCREMENT=23;

--
-- AUTO_INCREMENT for table `products`
--
ALTER TABLE `products`
  MODIFY `id` int(11) NOT NULL AUTO_INCREMENT, AUTO_INCREMENT=25;

--
-- AUTO_INCREMENT for table `promo_codes`
--
ALTER TABLE `promo_codes`
  MODIFY `id` int(11) NOT NULL AUTO_INCREMENT, AUTO_INCREMENT=8;

--
-- AUTO_INCREMENT for table `promo_code_usage`
--
ALTER TABLE `promo_code_usage`
  MODIFY `id` int(11) NOT NULL AUTO_INCREMENT, AUTO_INCREMENT=7;

--
-- AUTO_INCREMENT for table `users`
--
ALTER TABLE `users`
  MODIFY `id` int(11) NOT NULL AUTO_INCREMENT, AUTO_INCREMENT=7;

--
-- Constraints for dumped tables
--

--
-- Constraints for table `orders`
--
ALTER TABLE `orders`
  ADD CONSTRAINT `orders_ibfk_1` FOREIGN KEY (`user_id`) REFERENCES `users` (`id`);

--
-- Constraints for table `order_items`
--
ALTER TABLE `order_items`
  ADD CONSTRAINT `order_items_ibfk_1` FOREIGN KEY (`order_id`) REFERENCES `orders` (`id`) ON DELETE CASCADE,
  ADD CONSTRAINT `order_items_ibfk_2` FOREIGN KEY (`product_id`) REFERENCES `products` (`id`);

--
-- Constraints for table `products`
--
ALTER TABLE `products`
  ADD CONSTRAINT `products_ibfk_1` FOREIGN KEY (`category_id`) REFERENCES `categories` (`id`);

--
-- Constraints for table `promo_code_usage`
--
ALTER TABLE `promo_code_usage`
  ADD CONSTRAINT `promo_code_usage_ibfk_1` FOREIGN KEY (`promo_code_id`) REFERENCES `promo_codes` (`id`) ON DELETE CASCADE,
  ADD CONSTRAINT `promo_code_usage_ibfk_2` FOREIGN KEY (`user_id`) REFERENCES `users` (`id`) ON DELETE CASCADE,
  ADD CONSTRAINT `promo_code_usage_ibfk_3` FOREIGN KEY (`order_id`) REFERENCES `orders` (`id`) ON DELETE SET NULL;
COMMIT;

/*!40101 SET CHARACTER_SET_CLIENT=@OLD_CHARACTER_SET_CLIENT */;
/*!40101 SET CHARACTER_SET_RESULTS=@OLD_CHARACTER_SET_RESULTS */;
/*!40101 SET COLLATION_CONNECTION=@OLD_COLLATION_CONNECTION */;
